City_ID,City,Cloudiness,Country,Date,Humidity,Lat,Lng,Max Temp,Wind Speed
0,Abha,97,SA,2020-08-18 00:00:22,59,18.22,42.51,68.0,5.73
1,Albany,12,US,2020-08-17 23:59:21,74,42.6,-73.97,72.0,4.5
2,Hilo,75,US,2020-08-18 00:00:23,62,19.73,-155.09,84.2,11.41
3,Rikitea,17,PF,2020-08-17 23:56:51,74,-23.12,-134.97,71.94,7.4
4,Barreirinha,43,BR,2020-08-18 00:00:24,39,-2.79,-57.07,84.97,2.33
5,Catumbela,81,AO,2020-08-18 00:00:25,88,-12.43,13.55,66.99,5.64
6,Itoman,20,JP,2020-08-18 00:00:25,70,26.12,127.67,87.8,9.17
7,Tiksi,100,RU,2020-08-18 00:00:25,94,71.69,128.87,45.23,0.85
8,Tasiilaq,39,GL,2020-08-17 23:57:13,93,65.61,-37.64,44.6,3.36
9,Ushuaia,75,AR,2020-08-17 23:57:47,80,-54.8,-68.3,35.6,14.99
10,Save,77,BJ,2020-08-18 00:00:26,93,8.04,2.49,71.83,6.96
11,Cape Town,40,ZA,2020-08-17 23:58:24,70,-33.93,18.42,50.0,5.82
12,Balkhash,100,KZ,2020-08-18 00:00:27,63,46.84,74.98,69.75,18.66
13,Qaanaaq,100,GL,2020-08-18 00:00:27,61,77.48,-69.36,43.02,7.23
14,East London,46,ZA,2020-08-18 00:00:27,64,-33.02,27.91,55.38,26.75
15,Henties Bay,0,NA,2020-08-18 00:00:28,81,-22.12,14.28,53.01,10.13
16,Arraial Do Cabo,100,BR,2020-08-18 00:00:28,90,-22.97,-42.03,71.78,7.11
17,Sao Miguel Do Araguaia,14,BR,2020-08-18 00:00:28,23,-13.28,-50.16,82.54,4.63
18,Hermanus,87,ZA,2020-08-18 00:00:29,82,-34.42,19.23,46.99,8.01
19,Katsuura,75,JP,2020-08-18 00:00:30,84,35.13,140.3,88.0,6.93
20,Cayenne,64,GF,2020-08-18 00:00:30,83,4.93,-52.33,78.8,6.93
21,Isangel,90,VU,2020-08-18 00:00:31,78,-19.55,169.27,82.4,9.17
22,Yelizovo,75,RU,2020-08-18 00:00:31,93,53.19,158.38,59.0,4.47
23,Agadez,79,NE,2020-08-18 00:00:31,17,19.75,10.25,94.03,6.91
24,Adrar,0,MR,2020-08-18 00:00:32,28,20.5,-10.07,98.98,18.5
25,Jining,0,CN,2020-08-18 00:00:32,88,35.41,116.58,83.01,9.95
26,Faanui,15,PF,2020-08-18 00:00:32,73,-16.48,-151.75,78.44,12.06
27,Egvekinot,91,RU,2020-08-18 00:00:33,78,66.32,-179.17,48.63,6.53
28,Avarua,35,CK,2020-08-18 00:00:33,69,-21.21,-159.78,73.4,8.05
29,Barrow,1,US,2020-08-17 23:56:30,76,71.29,-156.79,50.0,19.46
30,Pontianak,90,ID,2020-08-18 00:00:34,91,-0.03,109.33,77.4,3.76
31,Plettenberg Bay,99,ZA,2020-08-18 00:00:34,76,-34.05,23.37,47.61,22.57
32,Kahului,40,US,2020-08-18 00:00:35,48,20.89,-156.47,87.8,21.92
33,Vila Franca Do Campo,40,PT,2020-08-18 00:00:35,94,37.72,-25.43,73.4,20.8
34,Te Anau,99,NZ,2020-08-18 00:00:36,59,-45.42,167.72,46.08,0.69
35,Punta Arenas,75,CL,2020-08-18 00:00:36,64,-53.15,-70.92,37.4,13.87
36,Ulcinj,20,ME,2020-08-18 00:00:37,64,41.93,19.22,73.4,6.93
37,Kavieng,9,PG,2020-08-18 00:00:37,75,-2.57,150.8,83.32,10.85
38,Ahipara,100,NZ,2020-08-17 23:58:40,75,-35.17,173.17,59.72,17.56
39,Bredasdorp,54,ZA,2020-08-17 23:56:52,81,-34.53,20.04,44.6,12.75
40,Kapaa,20,US,2020-08-17 23:57:10,62,22.08,-159.32,86.0,14.99
41,Ampanihy,48,MG,2020-08-18 00:00:40,90,-24.7,44.75,64.4,7.47
42,Boca Do Acre,76,BR,2020-08-18 00:00:40,43,-8.75,-67.4,85.78,2.59
43,Benguela,92,AO,2020-08-18 00:00:40,84,-12.58,13.41,67.75,5.35
44,Tuatapere,87,NZ,2020-08-18 00:00:41,55,-46.13,167.68,49.53,2.77
45,Rundu,0,NA,2020-08-18 00:00:42,30,-17.93,19.77,59.2,0.38
46,San Cristobal,40,VE,2020-08-18 00:00:42,66,7.77,-72.22,84.2,5.82
47,Jamestown,75,US,2020-08-18 00:00:42,82,42.1,-79.24,66.99,3.36
48,Butaritari,1,KI,2020-08-18 00:00:42,63,3.07,172.79,81.95,8.55
49,Ribeira Grande,91,PT,2020-08-17 23:57:34,89,38.52,-28.7,74.23,21.99
50,Asilah,0,MA,2020-08-18 00:00:43,78,35.47,-6.03,71.6,3.36
51,Den Helder,66,NL,2020-08-18 00:00:43,93,52.96,4.76,61.0,3.36
52,Isla Vista,40,US,2020-08-18 00:00:44,64,34.41,-119.86,90.0,3.36
53,Georgiyevka,40,KZ,2020-08-18 00:00:44,43,43.04,74.71,71.6,13.42
54,Alenquer,61,BR,2020-08-18 00:00:45,78,-1.94,-54.74,82.4,4.7
55,Guerrero Negro,0,MX,2020-08-18 00:00:45,53,27.98,-114.06,81.54,18.48
56,Nenjiang,100,CN,2020-08-18 00:00:45,90,49.18,125.22,61.59,15.26
57,Lavrentiya,100,RU,2020-08-18 00:00:46,77,65.58,-171.0,50.94,0.6
58,Luderitz,0,NA,2020-08-18 00:00:46,68,-26.65,15.16,54.57,11.61
59,Vaini,75,TO,2020-08-18 00:00:46,73,-21.2,-175.2,75.2,12.75
60,Gornyy,45,RU,2020-08-17 23:57:15,89,55.12,83.91,58.24,4.81
61,Pierre,1,US,2020-08-17 23:59:22,24,44.37,-100.35,91.4,12.75
62,Madang,36,PG,2020-08-18 00:00:47,77,-5.22,145.8,82.0,4.05
63,Saint-Philippe,41,RE,2020-08-18 00:00:47,63,-21.36,55.77,66.2,8.05
64,Kodiak,1,US,2020-08-17 23:58:10,59,57.79,-152.41,64.4,9.17
65,Provideniya,100,RU,2020-08-18 00:00:47,71,64.38,-173.3,51.8,8.95
66,Busselton,89,AU,2020-08-18 00:00:26,83,-33.65,115.33,52.0,13.44
67,Nikolskoye,1,RU,2020-08-18 00:00:48,87,59.7,30.79,54.0,1.81
68,Bam,90,IR,2020-08-18 00:00:48,19,29.11,58.36,87.37,9.46
69,Bajil,86,YE,2020-08-18 00:00:49,53,15.06,43.29,89.62,7.23
70,Okakarara,0,NA,2020-08-18 00:00:49,53,-20.58,17.43,44.37,8.21
71,Chimore,64,BO,2020-08-18 00:00:15,92,-16.98,-65.13,70.79,2.57
72,Alexandria,40,EG,2020-08-17 23:58:01,78,31.22,29.96,78.8,11.41
73,Codrington,62,AU,2020-08-18 00:00:50,86,-38.27,141.97,51.73,12.17
74,Dongsheng,100,CN,2020-08-18 00:00:50,74,39.82,109.98,56.3,11.41
75,Sawtell,29,AU,2020-08-18 00:00:50,52,-30.38,153.1,64.99,6.93
76,Bathsheba,75,BB,2020-08-18 00:00:51,94,13.22,-59.52,78.8,9.17
77,Atuona,8,PF,2020-08-18 00:00:51,76,-9.8,-139.03,78.66,16.98
78,Coihaique,75,CL,2020-08-18 00:00:51,52,-45.58,-72.07,41.0,6.93
79,Mayo,40,US,2020-08-18 00:00:52,82,38.89,-76.51,75.0,8.05
80,Port Hedland,0,AU,2020-08-18 00:00:52,33,-20.32,118.57,62.6,9.17
81,Victoria,91,HK,2020-08-18 00:00:53,78,22.29,114.16,82.0,7.4
82,Honavar,100,IN,2020-08-18 00:00:53,87,14.28,74.45,78.04,5.97
83,Ilulissat,32,GL,2020-08-18 00:00:54,43,69.22,-51.1,51.8,2.24
84,Srednekolymsk,99,RU,2020-08-18 00:00:54,72,67.45,153.68,46.8,13.33
85,Lebu,64,CL,2020-08-18 00:00:55,86,-37.62,-73.65,49.12,6.49
86,Marsa Matruh,20,EG,2020-08-18 00:00:55,88,31.35,27.25,75.2,2.24
87,Gagra,8,GE,2020-08-18 00:00:56,77,43.33,40.22,68.0,11.18
88,Iseyin,97,NG,2020-08-18 00:00:56,94,7.97,3.6,70.38,6.8
89,Vanavara,99,RU,2020-08-18 00:00:57,57,60.34,102.28,52.92,6.06
90,Basco,98,PH,2020-08-18 00:00:57,80,20.45,121.97,83.84,14.79
91,Diego De Almagro,0,CL,2020-08-18 00:00:57,74,-26.37,-70.05,42.19,0.92
92,Hithadhoo,36,MV,2020-08-18 00:00:58,75,-0.6,73.08,83.46,7.4
93,Clyde River,1,CA,2020-08-18 00:00:58,76,70.47,-68.59,55.4,17.22
94,Nhlangano,39,SZ,2020-08-18 00:00:58,94,-27.12,31.2,46.83,4.05
95,Khatanga,100,RU,2020-08-18 00:00:59,90,71.97,102.5,58.28,8.88
96,Veraval,100,IN,2020-08-18 00:00:59,86,20.9,70.37,81.12,16.46
97,Sao Filipe,59,CV,2020-08-18 00:00:59,82,14.9,-24.5,78.46,2.75
98,Mount Isa,0,AU,2020-08-18 00:01:00,16,-20.73,139.5,77.0,12.91
99,Bengkulu,27,ID,2020-08-17 23:57:12,87,-3.8,102.27,75.61,2.55
100,Castro,100,BR,2020-08-18 00:01:00,95,-24.79,-50.01,60.69,6.15
101,Mehamn,98,NO,2020-08-17 23:57:11,75,71.04,27.85,47.53,18.43
102,Sinnamary,97,GF,2020-08-18 00:01:00,79,5.38,-52.95,78.87,10.6
103,Bluff,98,NZ,2020-08-18 00:01:01,64,-46.6,168.33,44.31,3.53
104,Oyem,61,GA,2020-08-18 00:01:01,97,1.6,11.58,68.04,3.76
105,Yellowknife,20,CA,2020-08-17 23:57:04,52,62.46,-114.35,68.0,6.93
106,Mae Sai,75,TH,2020-08-18 00:01:02,100,20.43,99.88,73.4,1.32
107,Puerto Ayora,89,EC,2020-08-17 23:57:19,94,-0.74,-90.35,66.0,1.99
108,Klaksvik,0,FO,2020-08-18 00:01:02,87,62.23,-6.59,48.2,8.37
109,Yeniseysk,0,RU,2020-08-18 00:01:03,70,58.45,92.17,54.79,5.86
110,Mataura,94,NZ,2020-08-17 23:56:51,57,-46.19,168.86,48.27,3.24
111,Tukrah,0,LY,2020-08-18 00:01:03,79,32.53,20.58,76.23,5.12
112,Tuktoyaktuk,90,CA,2020-08-18 00:01:04,71,69.45,-133.04,53.6,3.36
113,New Norfolk,80,AU,2020-08-18 00:01:04,90,-42.78,147.06,51.01,1.86
114,Bayir,0,TR,2020-08-18 00:01:04,77,37.27,28.22,71.6,4.23
115,Umtata,51,ZA,2020-08-17 23:58:54,93,-31.59,28.78,41.0,2.24
116,Port Alfred,64,ZA,2020-08-18 00:01:04,70,-33.59,26.89,53.04,33.13
117,Port-Gentil,20,GA,2020-08-18 00:01:05,88,-0.72,8.78,75.2,14.63
118,Hobart,75,AU,2020-08-17 23:59:09,87,-42.88,147.33,51.01,5.82
119,Noumea,90,NC,2020-08-18 00:00:08,78,-22.28,166.46,73.0,4.7
120,Montepuez,6,MZ,2020-08-18 00:01:05,90,-13.13,39.0,62.08,3.33
121,Ejutla De Crespo,40,MX,2020-08-18 00:01:05,28,16.57,-96.73,80.6,11.41
122,Lata,33,PT,2020-08-18 00:01:06,92,40.16,-8.33,71.01,2.46
123,Abu Dhabi,77,AE,2020-08-17 23:56:33,71,24.47,54.37,93.2,3.36
124,Saint-Pierre,38,RE,2020-08-18 00:01:06,63,-21.34,55.48,66.2,8.05
125,Geraldton,90,AU,2020-08-18 00:01:06,93,-28.77,114.6,51.8,8.05
126,Saint George,1,US,2020-08-18 00:00:08,5,37.1,-113.58,111.99,4.25
127,Dingle,100,PH,2020-08-18 00:01:07,84,11.0,122.67,79.84,3.13
128,Gasa,0,PS,2020-08-18 00:00:49,49,31.5,34.47,73.99,3.83
129,San Patricio,90,MX,2020-08-17 23:57:03,78,19.22,-104.7,82.4,23.04
130,Varhaug,46,NO,2020-08-18 00:01:08,71,58.61,5.65,68.0,1.01
131,Samarai,36,PG,2020-08-18 00:01:09,59,-10.62,150.67,76.26,7.54
132,Dallas,20,US,2020-08-17 23:59:42,34,32.77,-96.78,93.99,5.82
133,Lagos,20,NG,2020-08-17 23:59:02,88,6.58,3.75,77.0,5.82
134,Kutum,99,SD,2020-08-18 00:01:10,79,14.2,24.67,69.19,9.08
135,San Quintin,65,MX,2020-08-17 23:57:58,66,30.48,-115.95,77.54,9.19
136,Richards Bay,0,ZA,2020-08-18 00:01:10,69,-28.78,32.04,66.24,15.21
137,Carnarvon,14,AU,2020-08-17 23:57:32,100,-24.87,113.63,50.0,5.82
138,Coahuayana,90,MX,2020-08-18 00:01:11,88,18.73,-103.68,75.2,11.41
139,Obala,75,CM,2020-08-18 00:01:11,94,4.17,11.53,73.4,3.36
140,Hasaki,75,JP,2020-08-18 00:01:11,79,35.73,140.83,88.0,5.82
141,Itacoatiara,71,BR,2020-08-17 23:57:50,43,-3.14,-58.44,85.33,0.56
142,Hovd,14,MN,2020-08-18 00:01:12,64,48.01,91.64,59.99,0.27
143,Lae,65,PG,2020-08-18 00:01:12,69,-6.72,146.98,81.14,4.7
144,Fethiye,0,TR,2020-08-18 00:01:12,69,36.62,29.12,75.2,3.36
145,Sao Joao Da Barra,63,BR,2020-08-18 00:01:13,85,-21.64,-41.05,73.87,19.57
146,Thompson,75,CA,2020-08-18 00:01:13,55,55.74,-97.86,64.4,6.93
147,Bethel,90,US,2020-08-17 23:59:17,88,41.37,-73.41,69.8,5.82
148,Vardo,86,NO,2020-08-18 00:01:14,76,70.37,31.11,47.62,14.5
149,Maromitsa,0,RU,2020-08-18 00:01:14,88,59.87,48.01,39.94,6.08
150,Tiarei,20,PF,2020-08-18 00:01:14,61,-17.53,-149.33,82.4,12.75
151,Port Elizabeth,75,ZA,2020-08-18 00:01:14,71,-33.92,25.57,51.8,34.45
152,Porto Santo,20,PT,2020-08-18 00:01:15,83,33.07,-16.34,71.6,3.36
153,Kodinsk,78,RU,2020-08-18 00:01:15,55,58.69,99.18,57.58,3.33
154,Hartlepool,99,GB,2020-08-18 00:00:23,87,54.69,-1.21,62.01,5.99
155,Langsa,18,ID,2020-08-18 00:01:15,93,4.47,97.97,75.24,2.3
156,Merauke,0,ID,2020-08-18 00:01:16,71,-8.47,140.33,78.03,12.15
157,Gat,0,IL,2020-08-18 00:00:05,49,31.61,34.76,73.99,2.82
158,Sisimiut,53,GL,2020-08-18 00:01:16,59,66.94,-53.67,48.56,2.24
159,Mount Gambier,90,AU,2020-08-17 23:56:30,100,-37.83,140.77,48.2,12.75
160,Waipawa,86,NZ,2020-08-18 00:01:16,58,-41.41,175.52,55.4,2.24
161,Talnakh,0,RU,2020-08-17 23:57:30,58,69.49,88.4,55.4,4.47
162,Leningradskiy,94,RU,2020-08-17 23:57:50,65,69.38,178.42,43.86,6.67
163,Tiznit,0,MA,2020-08-17 23:58:27,35,29.58,-9.5,70.38,0.96
164,Sakakah,0,SA,2020-08-17 23:57:47,21,29.97,40.21,78.8,5.82
165,San Jose,75,US,2020-08-17 23:57:00,40,37.34,-121.89,91.99,10.29
166,Atikokan,68,CA,2020-08-18 00:01:18,55,48.76,-91.62,65.41,5.88
167,Wahpeton,1,US,2020-08-18 00:01:18,56,46.27,-96.61,75.99,5.82
168,Kilgore,1,US,2020-08-18 00:01:18,28,32.39,-94.88,93.2,9.17
169,Yumen,0,CN,2020-08-18 00:01:19,25,40.28,97.2,65.61,3.36
170,Portland,20,US,2020-08-18 00:00:43,31,45.52,-122.68,95.0,9.17
171,Nuuk,4,GL,2020-08-18 00:01:19,41,64.18,-51.72,59.0,5.82
172,Ponta Do Sol,20,PT,2020-08-18 00:01:20,78,32.67,-17.1,73.4,5.82
173,Severo-Kurilsk,90,RU,2020-08-17 23:57:09,84,50.68,156.12,54.32,3.42
174,Hualmay,91,PE,2020-08-18 00:01:20,82,-11.1,-77.61,59.49,10.71
175,Milverton,1,CA,2020-08-18 00:01:20,73,43.57,-80.92,71.01,8.05
176,Souillac,20,MU,2020-08-18 00:01:21,77,-20.52,57.52,69.8,9.17
177,Saskylakh,94,RU,2020-08-17 23:57:38,83,71.92,114.08,53.31,11.63
178,Andrelandia,87,BR,2020-08-18 00:01:21,87,-21.74,-44.31,62.87,3.4
179,Airai,0,TL,2020-08-18 00:01:22,55,-8.93,125.41,67.14,4.16
180,Angoche,4,MZ,2020-08-18 00:01:22,92,-16.23,39.91,71.15,7.02
181,Kushima,20,JP,2020-08-18 00:01:22,66,31.46,131.23,87.8,6.93
182,Toyooka,75,JP,2020-08-18 00:01:23,83,35.53,134.83,80.6,5.82
183,Zhongxing,0,CN,2020-08-18 00:01:23,85,33.7,118.68,82.24,7.63
184,Maneadero,90,MX,2020-08-18 00:01:24,82,31.72,-116.57,75.99,4.0
185,Soyo,83,AO,2020-08-18 00:01:24,87,-6.13,12.37,72.48,9.33
186,Sulangan,100,PH,2020-08-18 00:01:24,72,11.14,123.72,83.23,5.84
187,Innisfail,75,AU,2020-08-18 00:01:00,46,-17.53,146.03,78.01,1.99
188,Upernavik,100,GL,2020-08-18 00:01:25,56,72.79,-56.15,46.4,1.63
189,Rumphi,63,MW,2020-08-18 00:01:26,70,-11.02,33.86,62.35,6.24
190,West Plains,40,US,2020-08-18 00:01:26,46,36.73,-91.85,89.6,9.17
191,Jishou,1,CN,2020-08-18 00:01:26,81,28.32,109.72,78.03,1.07
192,Polyarnyy,40,RU,2020-08-18 00:01:27,100,69.2,33.45,33.8,4.47
193,Puerto Madero,75,MX,2020-08-18 00:01:27,100,14.72,-92.42,78.8,5.82
194,Deer Lake,90,CA,2020-08-18 00:01:27,42,49.17,-57.43,66.2,3.36
195,Price,1,US,2020-08-18 00:01:28,7,39.6,-110.81,96.8,8.05
196,Inirida,64,CO,2020-08-18 00:01:28,97,3.87,-67.92,75.36,2.33
197,Presidencia Roque Saenz Pena,0,AR,2020-08-18 00:01:28,41,-26.79,-60.44,57.79,6.11
198,Banjar,40,ID,2020-08-18 00:01:29,100,-8.19,114.97,78.8,6.93
199,Moose Factory,90,CA,2020-08-18 00:01:29,93,51.26,-80.61,59.0,2.24
200,Wanning,76,CN,2020-08-18 00:01:29,81,18.8,110.4,81.66,2.1
201,Lorengau,10,PG,2020-08-17 23:57:24,78,-2.02,147.27,83.01,9.35
202,Gamba,100,GA,2020-08-18 00:01:30,89,-2.65,10.0,73.78,7.78
203,Harper,90,LR,2020-08-18 00:01:30,80,4.38,-7.72,75.13,9.04
204,South Valley,40,US,2020-08-18 00:01:30,13,35.01,-106.68,93.0,8.05
205,Sungaipenuh,74,ID,2020-08-18 00:01:31,90,-2.08,101.38,64.62,3.47
206,Moree,6,AU,2020-08-18 00:01:31,66,-29.47,149.85,55.4,13.87
207,Barra Do Bugres,44,BR,2020-08-18 00:01:31,26,-15.07,-57.18,88.05,0.87
208,Narsaq,35,GL,2020-08-18 00:01:31,62,60.92,-46.05,55.4,3.36
209,Susangerd,0,IR,2020-08-18 00:01:32,25,31.56,48.18,89.6,6.93
210,Sangar,0,RU,2020-08-18 00:01:32,44,63.92,127.47,56.53,3.04
211,Gimli,0,CA,2020-08-18 00:01:08,91,50.63,-96.99,79.0,5.95
212,Bud,40,US,2020-08-18 00:01:32,57,39.45,-86.18,81.0,8.05
213,Port Blair,91,IN,2020-08-17 23:57:29,82,11.67,92.75,81.01,12.64
214,Montgomery,1,US,2020-08-17 23:57:24,60,39.15,-77.2,75.2,3.36
215,Fortuna,100,US,2020-08-18 00:01:33,70,40.6,-124.16,71.01,1.99
216,Kabanjahe,75,ID,2020-08-18 00:01:33,94,3.1,98.49,77.0,4.7
217,Mogadishu,100,SO,2020-08-17 23:57:27,83,2.04,45.34,74.75,14.18
218,Achit,100,RU,2020-08-18 00:01:34,97,56.8,57.9,50.97,8.77
219,Buchanan,88,LR,2020-08-18 00:01:34,83,5.88,-10.05,75.43,7.92
220,Kruisfontein,93,ZA,2020-08-18 00:01:34,67,-34.0,24.73,50.0,11.01
221,Fernie,40,CA,2020-08-18 00:01:00,21,49.5,-115.07,95.0,4.7
222,Sobolevo,0,RU,2020-08-18 00:01:35,92,54.43,31.9,57.88,5.03
223,Sheregesh,17,RU,2020-08-18 00:01:35,92,52.92,87.99,54.93,2.66
224,Cabo San Lucas,5,MX,2020-08-18 00:00:25,62,22.89,-109.91,91.4,5.82
225,Dustlik,45,UZ,2020-08-18 00:01:05,41,40.52,68.04,63.12,4.43
226,Bar Harbor,1,US,2020-08-17 23:56:49,72,44.39,-68.2,66.2,6.93
227,Vigia Del Fuerte,90,CO,2020-08-18 00:01:36,95,6.58,-76.89,75.69,0.96
228,Ust-Omchug,100,RU,2020-08-18 00:01:36,80,61.15,149.63,49.24,6.06
229,Shaoxing,0,CN,2020-08-18 00:01:37,62,30.01,120.57,87.8,6.71
230,Thinadhoo,93,MV,2020-08-18 00:01:37,66,0.53,72.93,84.29,4.9
231,Forio,59,IT,2020-08-18 00:01:37,86,40.73,13.86,79.0,1.01
232,Muros,100,ES,2020-08-18 00:01:37,94,42.78,-9.06,64.99,1.01
233,Carutapera,90,BR,2020-08-18 00:01:37,79,-1.2,-46.02,77.59,7.18
234,Sao Jose Da Coroa Grande,36,BR,2020-08-18 00:01:38,83,-8.9,-35.15,74.44,11.99
235,Jimma,97,ET,2020-08-18 00:01:38,91,7.67,36.83,61.11,1.34
236,Koungheul,100,SN,2020-08-18 00:01:38,86,13.98,-14.8,79.05,9.82
237,Touros,20,BR,2020-08-18 00:01:38,83,-5.2,-35.46,75.2,5.82
238,Santona,100,ES,2020-08-18 00:01:39,88,43.44,-3.46,66.99,4.79
239,Coquimbo,90,CL,2020-08-18 00:01:28,76,-29.95,-71.34,51.8,3.36
240,Chapais,90,CA,2020-08-18 00:01:40,100,49.78,-74.85,57.2,5.82
241,Ustye,59,RU,2020-08-18 00:01:42,68,59.63,39.74,45.64,5.37
242,Saint Stephen,70,GB,2020-08-18 00:01:42,93,50.33,-4.9,62.6,8.05
243,Bukoba,72,TZ,2020-08-18 00:01:43,67,-1.33,31.81,67.24,3.27
244,Berdigestyakh,42,RU,2020-08-18 00:01:43,62,62.1,126.7,54.19,4.32
245,Nouadhibou,9,MR,2020-08-18 00:01:44,69,20.93,-17.03,75.2,12.75
246,Daulatpur,40,PK,2020-08-18 00:01:44,74,26.5,67.97,86.0,6.93
247,Sarangani,38,PH,2020-08-18 00:01:45,73,5.4,125.46,83.07,9.4
248,Iqaluit,40,CA,2020-08-18 00:01:46,93,63.75,-68.51,42.8,9.17
249,La Huaca,20,PE,2020-08-18 00:01:46,75,-4.91,-80.96,65.71,12.41
250,Dikson,84,RU,2020-08-18 00:01:47,93,73.51,80.55,49.78,11.61
251,Longyearbyen,75,SJ,2020-08-18 00:00:17,81,78.22,15.64,44.6,8.05
252,Mahebourg,20,MU,2020-08-17 23:56:54,77,-20.41,57.7,69.8,9.17
253,Adelaide,75,AU,2020-08-18 00:00:02,76,-34.93,138.6,55.99,18.34
254,Baft,88,IR,2020-08-18 00:01:48,43,29.23,56.61,71.19,3.58
255,Paamiut,0,GL,2020-08-18 00:01:48,66,61.99,-49.67,48.52,10.98
256,Whitehorse,75,CA,2020-08-18 00:00:59,63,60.72,-135.05,60.8,8.05
257,Sovetsk,89,RU,2020-08-18 00:01:48,65,55.08,21.88,63.88,9.53
258,Tigil,60,RU,2020-08-18 00:01:49,57,57.8,158.67,65.17,6.31
259,Nago,1,JP,2020-08-18 00:01:49,83,26.59,127.98,84.2,6.93
260,Baykit,99,RU,2020-08-18 00:01:49,58,61.67,96.37,57.34,2.68
261,Ornskoldsvik,2,SE,2020-08-18 00:01:49,93,63.29,18.72,44.6,3.36
262,Cap Malheureux,3,MU,2020-08-18 00:01:50,69,-19.98,57.61,72.0,8.01
263,Westport,31,US,2020-08-17 23:57:04,97,41.14,-73.36,70.0,10.4
264,Lagoa,87,PT,2020-08-18 00:01:50,90,39.05,-27.98,74.21,23.42
265,Saldanha,27,ZA,2020-08-18 00:01:29,75,-33.01,17.94,46.4,6.93
266,Namatanai,3,PG,2020-08-18 00:01:50,70,-3.67,152.43,83.62,9.44
267,Pacific Grove,40,US,2020-08-18 00:01:51,56,36.62,-121.92,73.4,8.05
268,Ostrovnoy,70,RU,2020-08-18 00:01:51,87,68.05,39.51,40.82,12.08
269,Sibu,20,MY,2020-08-18 00:01:51,100,2.3,111.82,73.4,4.7
270,Slave Lake,40,CA,2020-08-18 00:00:59,54,55.28,-114.77,78.8,2.24
271,Norman Wells,75,CA,2020-08-17 23:58:00,55,65.28,-126.83,60.8,9.17
272,Salalah,90,OM,2020-08-17 23:57:07,100,17.02,54.09,77.0,4.7
273,Itarema,24,BR,2020-08-18 00:01:52,77,-2.92,-39.92,78.12,16.33
274,Sumoto,20,JP,2020-08-18 00:01:52,70,34.35,134.9,86.0,11.41
275,Sibolga,51,ID,2020-08-17 23:58:01,81,1.74,98.78,75.7,4.16
276,Okato,96,NZ,2020-08-18 00:01:53,50,-39.2,173.88,57.99,10.0
277,Oksfjord,99,NO,2020-08-18 00:01:53,93,70.24,22.35,46.4,15.82
278,Katherine,0,AU,2020-08-18 00:01:54,61,-14.47,132.27,78.8,10.29
279,Xai-Xai,3,MZ,2020-08-18 00:01:54,92,-25.05,33.64,61.57,9.69
280,Marawi,86,PH,2020-08-18 00:01:55,84,8.0,124.29,78.01,8.01
281,Katobu,51,ID,2020-08-18 00:01:56,70,-4.94,122.53,78.96,3.71
282,Kloulklubed,90,PW,2020-08-18 00:01:56,88,7.04,134.26,77.0,9.17
283,Avera,90,US,2020-08-17 23:57:45,100,33.19,-82.53,75.2,9.17
284,Mana,99,GF,2020-08-18 00:01:57,82,5.66,-53.78,79.52,11.18
285,Hamilton,40,US,2020-08-17 23:58:48,48,39.18,-84.53,82.4,8.05
286,Rocha,0,UY,2020-08-18 00:01:58,88,-34.48,-54.33,43.16,5.55
287,Nalut,0,LY,2020-08-18 00:01:58,20,30.33,10.85,83.08,6.49
288,Khvoynaya,0,RU,2020-08-18 00:01:58,75,58.9,34.53,46.94,4.27
289,Mar Del Plata,0,AR,2020-08-17 23:57:17,61,-38.0,-57.56,54.0,6.93
290,Ivybridge,91,GB,2020-08-18 00:01:59,95,50.39,-3.92,61.0,9.82
291,Los Llanos De Aridane,3,ES,2020-08-18 00:01:59,78,28.66,-17.92,73.4,10.29
292,Karlstad,87,SE,2020-08-18 00:01:04,93,59.38,13.5,61.0,5.82
293,Methven,99,NZ,2020-08-18 00:01:59,76,-43.63,171.65,53.01,5.01
294,Berbera,49,SO,2020-08-18 00:02:00,45,10.44,45.01,91.51,17.76
295,Tautira,20,PF,2020-08-18 00:01:29,61,-17.73,-149.15,82.4,12.75
296,Kaitangata,97,NZ,2020-08-17 23:57:02,70,-46.28,169.85,44.01,4.0
297,Issoire,91,FR,2020-08-18 00:02:01,68,45.55,3.25,66.2,5.82
298,Mandalgovi,61,MN,2020-08-18 00:02:01,73,45.76,106.27,53.37,13.91
299,Port Hardy,20,CA,2020-08-18 00:00:53,53,50.7,-127.42,77.0,12.75
300,Wembley,75,AU,2020-08-17 23:57:34,82,-31.93,115.8,60.01,5.82
301,Hatillo,2,PR,2020-08-18 00:02:02,85,18.49,-66.83,84.99,1.99
302,Poum,100,NC,2020-08-18 00:02:02,79,-20.23,164.02,70.43,20.18
303,Sung Noen,20,TH,2020-08-18 00:02:02,100,14.9,101.82,75.2,1.12
304,Superior,1,US,2020-08-18 00:01:25,46,46.72,-92.1,75.2,9.17
305,Baiyin,40,CN,2020-08-18 00:02:03,100,36.56,104.21,57.99,4.47
306,Bambous Virieux,20,MU,2020-08-18 00:02:03,77,-20.34,57.76,72.0,9.17
307,Sao Felix Do Xingu,0,BR,2020-08-18 00:02:03,32,-6.64,-51.99,79.16,0.22
308,Zhigalovo,26,RU,2020-08-18 00:02:04,58,54.81,105.16,55.74,2.42
309,Limon,23,CR,2020-08-18 00:02:04,66,10.0,-83.03,84.2,3.36
310,Faya,96,SA,2020-08-18 00:02:04,59,18.39,42.45,68.0,4.34
311,Nuqui,90,CO,2020-08-18 00:02:04,78,5.71,-77.27,82.4,4.7
312,Lasa,40,IT,2020-08-18 00:02:04,93,46.62,10.7,55.4,3.36
313,Simoes,2,BR,2020-08-18 00:02:05,41,-7.6,-40.82,76.5,10.16
314,Nara,40,JP,2020-08-17 23:58:07,62,34.69,135.8,89.6,3.36
315,Xuddur,91,SO,2020-08-18 00:02:05,49,4.12,43.89,72.84,17.96
316,Havre,90,FR,2020-08-18 00:02:05,82,49.58,0.33,66.2,8.05
317,Rio Cuarto,0,AR,2020-08-18 00:02:06,22,-33.13,-64.35,59.0,9.17
318,Salinopolis,71,BR,2020-08-17 23:57:22,80,-0.61,-47.36,79.79,12.15
319,Ciudad Bolivar,91,VE,2020-08-18 00:02:07,68,8.12,-63.55,84.11,5.1
320,Meulaboh,35,ID,2020-08-18 00:02:07,85,4.14,96.13,76.62,5.28
321,Gambela,96,ET,2020-08-18 00:02:07,92,8.25,34.58,70.99,0.94
322,Qandala,92,SO,2020-08-18 00:02:07,50,11.47,49.87,89.69,4.97
323,Asyut,0,EG,2020-08-18 00:02:07,39,27.18,31.18,80.6,6.93
324,Skjervoy,100,NO,2020-08-18 00:02:08,82,70.03,20.97,50.34,24.54
325,Port Lincoln,34,AU,2020-08-18 00:01:43,68,-34.73,135.87,56.21,22.21
326,Were Ilu,68,ET,2020-08-18 00:02:08,90,10.6,39.43,53.67,3.18
327,Lishui,19,CN,2020-08-18 00:02:09,73,28.46,119.91,83.21,2.53
328,Ponnani,75,IN,2020-08-18 00:02:09,94,10.77,75.93,75.2,2.24
329,Beringovskiy,100,RU,2020-08-18 00:01:36,79,63.05,179.32,53.2,15.66
330,Margate,62,GB,2020-08-17 23:57:58,83,51.38,1.39,66.99,1.99
331,Chuy,0,UY,2020-08-18 00:02:10,82,-33.7,-53.46,47.03,7.11
332,Nacozari,15,MX,2020-08-18 00:02:10,54,25.34,-108.26,97.0,5.99
333,Sidi Ali,0,DZ,2020-08-18 00:02:10,74,36.1,0.42,68.41,3.27
334,Komsomolskiy,90,UZ,2020-08-18 00:02:10,83,40.43,71.72,69.8,4.7
335,Ayan,100,RU,2020-08-18 00:02:12,89,56.45,138.17,54.79,0.74
336,Ancud,75,CL,2020-08-18 00:02:13,87,-41.87,-73.82,46.0,4.7
337,Deputatskiy,86,RU,2020-08-18 00:02:13,66,69.3,139.9,43.99,3.49
338,Bansko,99,BG,2020-08-18 00:02:14,78,41.84,23.49,55.99,5.01
339,Namibe,8,AO,2020-08-18 00:02:15,83,-15.2,12.15,58.39,6.69
340,Hofn,27,IS,2020-08-18 00:02:15,91,64.25,-15.21,52.88,3.76
341,Kelo,100,TD,2020-08-18 00:02:16,90,9.31,15.81,74.41,1.68
342,Bardiyah,0,LY,2020-08-18 00:02:16,83,31.76,25.09,75.09,12.26
343,Tura,84,IN,2020-08-17 23:57:45,97,25.52,90.22,74.75,5.19
344,Sitka,75,US,2020-08-17 23:57:52,82,57.05,-135.33,59.0,10.29
345,Evensk,63,RU,2020-08-17 23:57:51,41,61.95,159.23,58.28,5.03
346,Apollonia,0,GR,2020-08-18 00:02:17,73,36.97,24.72,75.0,5.82
347,Valparaiso,0,CL,2020-08-17 23:58:27,66,-33.04,-71.63,55.4,4.7
348,Kasama,73,ZM,2020-08-18 00:02:18,66,-10.21,31.18,54.1,4.32
349,Hambantota,57,LK,2020-08-18 00:02:18,83,6.12,81.12,79.48,14.12
350,Tanete,23,ID,2020-08-18 00:02:18,72,-3.94,119.78,77.77,9.98
351,Rehoboth,0,NA,2020-08-18 00:02:19,78,-23.32,17.08,33.71,4.36
352,Mason City,1,US,2020-08-18 00:02:12,44,43.15,-93.2,75.2,17.22
353,Minden,20,DE,2020-08-18 00:02:19,93,52.28,8.92,66.0,6.93
354,Necochea,0,AR,2020-08-18 00:01:45,44,-38.55,-58.74,41.0,5.01
355,Pendleton,1,US,2020-08-18 00:02:20,19,45.67,-118.79,100.4,12.75
356,Taoudenni,0,ML,2020-08-18 00:02:20,8,22.68,-3.98,102.61,8.88
357,Karratha,0,AU,2020-08-18 00:01:19,28,-20.74,116.85,64.31,11.9
358,Georgetown,20,MY,2020-08-17 23:59:25,88,5.41,100.34,77.0,2.24
359,Silver City,75,US,2020-08-18 00:02:21,21,32.77,-108.28,89.6,9.17
360,Sorong,87,ID,2020-08-18 00:01:33,86,-0.88,131.25,78.15,11.72
361,Ixtapa,90,MX,2020-08-18 00:02:21,79,20.7,-105.2,86.0,10.29
362,Padang,66,ID,2020-08-18 00:02:21,69,-0.95,100.35,77.67,3.24
363,Ayr,40,GB,2020-08-18 00:01:52,93,55.46,-4.63,60.8,3.36
364,Cidreira,0,BR,2020-08-17 23:57:44,83,-30.18,-50.21,58.26,10.74
365,Pangkalanbuun,76,ID,2020-08-18 00:02:22,91,-2.68,111.62,77.04,2.28
366,Keflavik,75,IS,2020-08-18 00:02:22,93,64.0,-22.56,55.4,3.36
367,Umm Kaddadah,75,SD,2020-08-18 00:02:23,62,13.6,26.69,81.54,9.44
368,Moctezuma,41,MX,2020-08-18 00:02:23,35,29.8,-109.67,94.59,2.84
369,Kargopol,90,RU,2020-08-18 00:02:23,95,61.51,38.95,42.96,4.03
370,Tianpeng,40,CN,2020-08-18 00:02:23,100,30.99,103.94,69.01,2.24
371,Esperance,75,AU,2020-08-18 00:00:13,100,-33.87,121.9,48.2,25.28
372,Passagem Franca,21,BR,2020-08-18 00:02:24,33,-6.18,-43.78,81.16,4.0
373,Torbay,90,CA,2020-08-17 23:57:25,68,47.67,-52.73,66.99,13.87
374,Pisco,1,PE,2020-08-18 00:01:24,82,-13.7,-76.22,62.6,12.75
375,Jodiya,100,IN,2020-08-18 00:02:25,86,22.69,70.31,81.52,12.17
376,San Vicente,35,AR,2020-08-18 00:02:26,100,-26.62,-54.13,58.89,2.15
377,Itamaraca,20,BR,2020-08-18 00:02:26,74,-7.75,-34.83,78.8,11.41
378,Ucluelet,20,CA,2020-08-18 00:02:26,88,48.93,-125.55,66.99,5.82
379,Ardon,1,RU,2020-08-18 00:02:27,93,43.17,44.29,55.4,6.71
380,Bemidji,1,US,2020-08-18 00:02:27,52,47.47,-94.88,69.8,5.82
381,Nelson Bay,75,AU,2020-08-18 00:02:27,58,-32.72,152.15,57.2,17.22
382,Ambilobe,0,MG,2020-08-18 00:02:28,77,-13.2,49.05,64.78,3.15
383,Fairbanks,1,US,2020-08-18 00:01:24,32,64.84,-147.72,70.0,6.93
384,Atar,0,MR,2020-08-18 00:02:30,31,20.52,-13.05,97.25,16.31
385,La Asuncion,100,VE,2020-08-18 00:02:31,79,11.03,-63.86,84.2,8.05
386,Havelock,13,US,2020-08-18 00:02:31,79,34.88,-76.9,80.01,1.01
387,Hirara,40,JP,2020-08-18 00:02:31,83,24.8,125.28,84.2,8.05
388,Brae,82,GB,2020-08-18 00:02:32,93,60.4,-1.35,57.2,12.75
389,Pau Dos Ferros,36,BR,2020-08-18 00:02:32,54,-6.11,-38.21,76.98,6.46
390,Chumphon,20,TH,2020-08-18 00:02:32,100,10.33,98.83,77.0,3.42
391,Mareeba,59,AU,2020-08-18 00:02:32,69,-17.0,145.43,77.0,1.99
392,Marsaxlokk,0,MT,2020-08-18 00:02:33,69,35.84,14.54,81.0,5.82
393,Aktas,40,KZ,2020-08-18 00:02:33,87,49.78,72.96,50.0,11.18
394,Rawson,100,AR,2020-08-18 00:02:33,46,-43.3,-65.1,50.31,22.21
395,Rio Bananal,17,BR,2020-08-18 00:01:58,91,-19.27,-40.33,69.39,0.47
396,Broken Hill,2,AU,2020-08-18 00:02:34,66,-31.95,141.43,53.6,9.98
397,Ongole,100,IN,2020-08-18 00:02:34,81,15.5,80.05,79.7,11.77
398,Aden,51,YE,2020-08-17 23:58:18,71,12.78,45.04,85.3,11.68
399,Micheweni,100,TZ,2020-08-18 00:02:34,78,-4.97,39.83,76.57,11.48
400,Kavaratti,94,IN,2020-08-18 00:01:24,81,10.57,72.64,81.28,11.61
401,Taltal,20,CL,2020-08-18 00:02:35,76,-25.4,-70.48,51.01,4.32
402,Oudtshoorn,90,ZA,2020-08-18 00:02:35,87,-33.59,22.2,42.8,26.4
403,Auki,69,SB,2020-08-18 00:02:03,64,-8.77,160.7,86.4,2.98
404,Biu,99,NG,2020-08-18 00:02:35,82,10.61,12.19,71.29,0.87
405,Sault Sainte Marie,1,CA,2020-08-18 00:02:36,68,46.52,-84.33,66.2,14.99
406,Savalou,47,BJ,2020-08-18 00:02:36,90,7.93,1.98,72.79,6.73
407,Leshukonskoye,96,RU,2020-08-18 00:02:36,95,64.9,45.76,45.18,4.99
408,Gannan,83,CN,2020-08-18 00:02:36,82,47.91,123.5,69.89,8.59
409,Kalmunai,44,LK,2020-08-18 00:01:58,82,7.42,81.82,78.24,6.73
410,Chitrakonda,100,IN,2020-08-18 00:02:37,94,18.12,82.08,72.45,3.11
411,Dubai,57,AE,2020-08-18 00:00:08,75,25.26,55.3,93.2,3.36
412,Tomatlan,58,MX,2020-08-18 00:01:21,92,19.93,-105.25,77.88,2.13
413,Anaimalai,40,IN,2020-08-18 00:02:37,88,10.58,76.93,75.2,9.17
414,High Level,20,CA,2020-08-17 23:58:40,61,58.52,-117.14,77.0,11.41
415,Aguadulce,81,PA,2020-08-18 00:02:38,87,8.25,-80.55,78.98,3.38
416,Seabra,0,BR,2020-08-17 23:57:51,85,-12.42,-41.77,63.39,5.01
417,College,20,US,2020-08-18 00:02:38,37,64.86,-147.8,70.0,8.05
418,Saint-Francois,83,FR,2020-08-18 00:02:38,77,46.42,3.91,62.6,2.24
419,Kuytun,91,RU,2020-08-18 00:02:39,67,54.34,101.5,52.3,11.56
420,Healesville,68,AU,2020-08-18 00:02:31,86,-37.65,145.52,55.99,5.73
421,Nanortalik,69,GL,2020-08-18 00:02:39,68,60.14,-45.24,49.21,2.57
422,Khanpur,4,PK,2020-08-18 00:02:39,56,28.65,70.66,93.43,14.99
423,Shubarkuduk,79,KZ,2020-08-18 00:02:40,51,49.14,56.49,61.66,13.47
424,Praia Da Vitoria,40,PT,2020-08-18 00:02:40,83,38.73,-27.07,75.2,17.02
425,Robinson,5,US,2020-08-18 00:02:40,43,31.47,-97.11,93.2,5.7
426,Jalu,0,LY,2020-08-18 00:02:40,37,29.03,21.55,81.84,11.16
427,Jackson,1,US,2020-08-18 00:02:40,26,42.42,-122.83,95.0,3.36
428,Takoradi,79,GH,2020-08-18 00:02:41,85,4.88,-1.76,74.62,12.06
429,Pevek,100,RU,2020-08-18 00:02:41,84,69.7,170.31,39.31,13.67
430,Zwedru,71,LR,2020-08-18 00:02:42,93,6.07,-8.13,70.38,3.38
431,Nata,86,PA,2020-08-18 00:02:42,81,8.33,-80.52,78.01,2.8
432,Palauig,100,PH,2020-08-18 00:02:43,68,15.44,119.9,84.29,5.3
433,Thai Binh,75,VN,2020-08-18 00:02:40,100,20.45,106.33,75.2,5.82
434,Yerbogachen,0,RU,2020-08-18 00:02:18,55,61.28,108.01,56.39,1.36
435,Mahmudia,0,RO,2020-08-18 00:02:44,77,45.08,29.08,63.0,1.12
436,Bonavista,99,CA,2020-08-18 00:02:44,81,48.65,-53.11,61.0,10.07
437,Arsk,17,RU,2020-08-18 00:02:45,81,56.09,49.88,48.2,11.18
438,Rostock,20,DE,2020-08-18 00:02:46,77,54.09,12.14,64.99,1.12
439,Pangnirtung,87,CA,2020-08-18 00:02:46,58,66.15,-65.71,60.89,1.74
440,Erzin,0,TR,2020-08-18 00:02:46,88,36.96,36.2,78.01,1.83
441,Oranjemund,73,NA,2020-08-18 00:02:46,77,-28.55,16.43,55.47,7.36
442,Udachnyy,48,RU,2020-08-18 00:02:47,38,66.42,112.4,57.2,4.47
443,Lubao,75,PH,2020-08-18 00:02:47,83,14.92,120.55,84.0,2.24
444,Sept-Iles,40,CA,2020-08-18 00:02:47,88,50.2,-66.38,64.4,8.05
445,Tapejara,11,BR,2020-08-18 00:02:47,85,-28.07,-52.01,54.59,6.26
446,San Angelo,1,US,2020-08-18 00:00:12,26,31.46,-100.44,96.8,12.75
447,Nkhotakota,76,MW,2020-08-18 00:02:48,65,-12.93,34.3,70.93,5.61
448,Paungde,100,MM,2020-08-18 00:02:48,95,18.48,95.5,74.7,7.92
449,Camacupa,26,AO,2020-08-18 00:02:48,31,-12.02,17.48,59.27,5.39
450,Alice Springs,0,AU,2020-08-18 00:01:23,39,-23.7,133.88,66.2,3.36
451,Yatou,88,CN,2020-08-18 00:02:49,92,37.15,122.38,78.49,9.89
452,Uribia,54,CO,2020-08-18 00:02:49,60,11.71,-72.27,87.21,11.9
453,Nishihara,40,JP,2020-08-18 00:02:49,83,26.18,127.76,87.8,10.29
454,Chunskiy,100,RU,2020-08-18 00:02:50,65,56.08,99.63,56.03,7.4
455,Umm Lajj,1,SA,2020-08-18 00:01:32,56,25.02,37.27,86.49,8.37
456,Victoria Point,0,AU,2020-08-18 00:02:50,50,-27.58,153.3,66.99,4.0
457,Ambon,40,ID,2020-08-18 00:02:50,74,-3.7,128.18,82.4,3.36
458,Ratnagiri,100,IN,2020-08-18 00:02:50,85,16.98,73.3,79.5,12.01
459,Gogrial,99,SS,2020-08-18 00:02:51,93,8.53,28.1,72.28,1.34
460,Novoagansk,99,RU,2020-08-18 00:02:51,75,61.94,76.66,56.57,9.31
461,Amga,100,RU,2020-08-18 00:02:51,59,60.9,131.96,54.45,3.4
462,Dongzhen,97,CN,2020-08-18 00:02:51,80,22.38,110.94,79.56,1.41
463,Constantine,5,DZ,2020-08-18 00:02:51,43,36.37,6.61,73.4,4.7
464,Gori,7,GE,2020-08-18 00:02:52,76,41.98,44.12,57.11,7.38
465,Gunnedah,40,AU,2020-08-18 00:02:52,76,-30.98,150.25,53.6,3.36
466,Sola,23,VU,2020-08-18 00:02:52,77,-13.88,167.55,80.35,2.17
467,Owando,79,CG,2020-08-18 00:02:52,95,-0.48,15.9,72.48,1.9
468,Garwolin,14,PL,2020-08-18 00:02:53,83,51.9,21.61,66.99,2.62
469,Husavik,91,IS,2020-08-18 00:02:53,93,66.04,-17.34,50.0,3.36
470,Roma,1,US,2020-08-18 00:02:53,53,43.21,-75.46,73.4,8.05
471,Steubenville,90,US,2020-08-18 00:00:41,53,40.37,-80.63,73.4,11.41
472,Kargil,0,IN,2020-08-18 00:02:54,63,34.57,76.1,56.19,7.45
473,Ust-Nera,36,RU,2020-08-18 00:02:54,44,64.57,143.2,52.36,5.55
474,Teya,1,RU,2020-08-18 00:02:54,63,60.38,92.63,54.18,2.42
475,Payyannur,100,IN,2020-08-18 00:02:54,89,12.1,75.2,75.96,1.7
476,Santa Fe,0,AR,2020-08-18 00:00:55,51,-31.63,-60.7,62.01,5.3
477,Cockburn Town,40,TC,2020-08-18 00:02:55,79,21.46,-71.14,84.2,5.82
478,Altamira,66,BR,2020-08-18 00:02:56,46,-3.2,-52.21,82.53,2.62
479,Asau,0,RO,2020-08-18 00:02:57,84,46.43,26.4,61.0,4.34
480,Priiskovyy,15,RU,2020-08-18 00:02:58,75,51.93,116.63,51.01,7.61
481,Grand Gaube,3,MU,2020-08-18 00:02:58,69,-20.01,57.66,72.0,8.01
482,Zhanaozen,0,KZ,2020-08-18 00:02:58,54,43.3,52.8,62.13,6.8
483,Ketchikan,90,US,2020-08-18 00:00:21,87,55.34,-131.65,64.4,9.17
484,Red Bluff,75,US,2020-08-18 00:02:59,38,40.18,-122.24,93.99,5.82
485,Piacabucu,40,BR,2020-08-18 00:02:59,85,-10.41,-36.43,73.27,10.36
486,Vanimo,30,PG,2020-08-18 00:03:00,69,-2.67,141.3,83.44,6.8
487,Bilma,17,NE,2020-08-18 00:03:01,18,18.69,12.92,94.17,9.95
488,Keti Bandar,90,PK,2020-08-18 00:03:02,82,24.14,67.45,84.02,13.76
489,Comodoro Rivadavia,0,AR,2020-08-17 23:58:12,31,-45.87,-67.5,48.2,26.4
490,Mirnyy,20,RU,2020-08-18 00:03:04,71,62.54,113.96,50.0,2.24
491,Mountain Home,40,US,2020-08-18 00:03:04,20,43.13,-115.69,105.8,3.36
492,Bonthe,96,SL,2020-08-18 00:03:04,84,7.53,-12.51,76.05,8.57
493,Orchard Homes,1,US,2020-08-18 00:00:03,16,46.86,-114.05,98.6,3.36
494,Nioro,100,GM,2020-08-18 00:03:05,94,13.35,-15.75,76.96,6.02
495,Tupik,0,RU,2020-08-18 00:03:06,57,54.43,119.93,50.04,7.27
496,Praya,20,CV,2020-08-18 00:02:48,83,14.92,-23.51,80.6,4.7
497,Mukhen,79,RU,2020-08-18 00:03:06,76,48.1,136.1,67.32,6.02
498,Iskateley,100,RU,2020-08-18 00:03:06,94,67.68,53.15,47.07,8.28
499,Kalawit,99,PH,2020-08-18 00:03:07,79,8.07,122.52,80.73,4.16
500,Eureka,100,US,2020-08-18 00:00:04,100,40.8,-124.16,69.01,4.0
501,Merzifon,0,TR,2020-08-18 00:03:08,50,40.87,35.46,55.4,1.12
502,Japura,67,ID,2020-08-18 00:03:08,90,-0.32,102.35,74.71,3.04
503,Lethem,89,GY,2020-08-18 00:03:08,82,3.38,-59.8,78.87,3.83
504,Luena,4,AO,2020-08-18 00:03:08,32,-11.78,19.92,58.26,3.6
505,Begowal,75,IN,2020-08-18 00:03:09,94,31.62,75.52,84.2,2.24
506,Fare,30,PF,2020-08-18 00:03:09,69,-16.7,-151.02,78.89,6.46
507,Bereda,100,ES,2020-08-18 00:03:09,96,43.27,-7.54,64.0,5.99
508,Alihe,100,CN,2020-08-18 00:03:09,92,50.57,123.72,51.87,4.9
509,Hobyo,54,SO,2020-08-18 00:03:10,70,5.35,48.53,76.03,22.64
510,Usinsk,100,RU,2020-08-18 00:03:10,86,65.99,57.53,50.99,10.22
511,Tullahoma,1,US,2020-08-18 00:03:10,51,35.36,-86.21,84.0,6.93
512,La Rioja,20,ES,2020-08-18 00:03:10,93,42.25,-2.5,64.4,2.3
513,Dobrinka,0,RU,2020-08-18 00:03:11,90,52.17,40.47,59.63,3.38
514,Rome,1,US,2020-08-18 00:03:05,35,34.26,-85.16,89.6,10.29
515,La Serena,90,CL,2020-08-18 00:03:11,76,-29.91,-71.25,51.8,3.36
516,Bandarbeyla,45,SO,2020-08-18 00:03:12,75,9.49,50.81,75.27,30.96
517,Christchurch,99,NZ,2020-08-18 00:03:12,71,-43.53,172.63,53.01,20.8
518,Moron,0,AR,2020-08-18 00:03:12,42,-34.65,-58.62,59.0,1.01
519,Visby,89,SE,2020-08-18 00:03:12,93,57.64,18.3,62.6,6.93
520,Husum,100,DE,2020-08-18 00:03:13,88,54.49,9.05,68.0,5.82
521,Saint-Georges,40,GD,2020-08-18 00:03:13,88,12.06,-61.75,80.6,5.82
522,Djougou,43,BJ,2020-08-18 00:03:13,93,9.71,1.67,72.18,3.0
523,Pangai,40,TO,2020-08-18 00:03:13,83,-19.8,-174.35,77.0,19.46
524,Maloy,0,NO,2020-08-18 00:03:14,93,61.94,5.11,62.6,6.93
525,Peniche,12,PT,2020-08-18 00:03:14,92,39.36,-9.38,71.01,4.0
526,Santa Cruz De La Palma,9,ES,2020-08-18 00:03:14,78,28.68,-17.76,73.4,10.29
527,Nanao,75,JP,2020-08-18 00:03:15,78,37.05,136.97,87.01,3.36
528,Araouane,51,ML,2020-08-18 00:03:15,28,18.9,-3.53,99.68,17.83
529,Pitimbu,20,BR,2020-08-17 23:58:56,88,-7.47,-34.81,73.4,5.82
530,Miro Khan,40,PK,2020-08-18 00:03:19,75,27.76,68.09,91.4,9.17
531,Nurlat,58,RU,2020-08-18 00:03:20,90,54.43,50.81,48.51,11.45
532,Dargaville,100,NZ,2020-08-18 00:03:21,72,-35.93,173.88,59.63,15.43
533,Ust-Kulom,100,RU,2020-08-18 00:03:21,97,61.69,53.69,49.05,6.31
534,Aklavik,20,CA,2020-08-18 00:03:22,63,68.22,-135.01,64.4,8.05
535,Saint Anthony,20,US,2020-08-18 00:03:22,41,45.02,-93.22,75.99,9.17
536,Pingzhuang,88,CN,2020-08-18 00:02:03,68,42.04,119.29,73.45,8.39
537,Zhigansk,62,RU,2020-08-18 00:03:23,45,66.77,123.37,55.44,4.29
538,Mitsamiouli,42,KM,2020-08-18 00:03:23,74,-11.38,43.28,76.37,6.29
539,Hami,0,CN,2020-08-18 00:03:23,19,42.8,93.45,75.67,9.51
540,Bull Savanna,32,JM,2020-08-18 00:03:24,78,17.89,-77.59,79.65,3.51
541,Mezen,51,RU,2020-08-18 00:03:24,96,65.85,44.24,40.24,4.47
542,Nome,1,US,2020-08-18 00:03:00,55,64.5,-165.41,69.01,19.46
543,Huauchinango,71,MX,2020-08-18 00:03:24,89,20.18,-98.05,65.62,3.27
544,Wurzburg,40,DE,2020-08-18 00:02:01,68,49.79,9.94,64.99,3.36
545,Kununurra,0,AU,2020-08-18 00:03:25,47,-15.77,128.73,75.2,3.36
546,Beloha,25,MG,2020-08-18 00:02:01,96,-25.17,45.05,63.3,6.73
547,Nuwara Eliya,77,LK,2020-08-18 00:01:38,95,6.97,80.78,54.46,4.32
548,Svetlogorsk,18,BY,2020-08-18 00:03:25,89,52.63,29.73,61.79,2.86
549,Valentin Gomez Farias,24,MX,2020-08-18 00:03:25,27,28.22,-106.58,80.56,15.52
550,Kristiinankaupunki,0,FI,2020-08-18 00:03:26,69,62.27,21.38,51.62,4.88
551,Dongli,20,CN,2020-08-18 00:03:26,94,23.57,116.82,75.2,4.47
552,Trat,64,TH,2020-08-18 00:03:26,66,12.5,102.5,86.0,0.51
553,Urubicha,62,BO,2020-08-18 00:03:26,40,-15.38,-62.95,83.77,0.45
554,Cherskiy,100,RU,2020-08-18 00:03:27,78,68.75,161.3,45.55,13.13
555,Marsh Harbour,95,BS,2020-08-18 00:00:09,68,26.54,-77.06,84.74,5.17
556,Rudnya,0,RU,2020-08-18 00:03:27,92,54.95,31.09,55.94,5.35
557,Bairiki,20,KI,2020-08-18 00:03:28,62,1.33,172.98,86.0,8.05
558,Baijiantan,42,CN,2020-08-18 00:03:28,21,45.63,85.18,79.07,9.08
559,Kibondo,89,TZ,2020-08-18 00:03:28,42,-3.59,30.72,59.11,1.92
560,Ovsyanka,20,RU,2020-08-18 00:03:28,93,55.96,92.55,50.0,1.54
561,Porto Torres,23,IT,2020-08-18 00:03:29,94,40.84,8.4,71.6,2.24
562,Labuan,20,MY,2020-08-18 00:03:29,94,5.28,115.24,77.0,7.81
563,Cabedelo,20,BR,2020-08-18 00:03:27,88,-6.98,-34.83,73.4,5.82
564,Shingu,14,JP,2020-08-18 00:03:30,70,33.73,135.98,86.0,12.75
565,Kibara,80,TZ,2020-08-18 00:03:30,70,-2.15,33.45,72.1,2.55
566,Taunggyi,100,MM,2020-08-18 00:03:31,100,20.78,97.03,60.06,6.31
567,Medicine Hat,40,CA,2020-08-18 00:01:08,20,50.05,-110.67,95.0,11.41
568,Liverpool,96,GB,2020-08-17 23:59:44,88,53.41,-2.98,64.4,5.82
569,Badou,20,TG,2020-08-18 00:03:34,87,7.58,0.6,72.61,2.39
570,Czersk,26,PL,2020-08-18 00:03:34,59,53.8,17.98,66.99,3.0
571,Petropavl,75,KZ,2020-08-18 00:03:35,87,54.88,69.16,55.4,8.95
572,Chokurdakh,100,RU,2020-08-18 00:03:35,80,70.63,147.92,42.12,11.45
573,Uray,94,RU,2020-08-18 00:03:35,97,60.12,64.78,54.01,7.43
574,Hukuntsi,21,BW,2020-08-18 00:01:08,47,-24.0,21.75,47.1,16.64
575,Tabou,67,CI,2020-08-18 00:03:36,82,4.42,-7.35,74.37,9.28
576,Verkhnyaya Inta,97,RU,2020-08-18 00:03:36,80,65.98,60.31,49.71,7.23
577,Lompoc,1,US,2020-08-18 00:03:36,68,34.64,-120.46,82.99,16.11
578,Knysna,98,ZA,2020-08-18 00:03:36,87,-34.04,23.05,42.8,26.4
579,Naze,20,JP,2020-08-18 00:03:37,79,28.37,129.48,87.8,6.93
580,Itu,75,BR,2020-08-18 00:00:58,93,-23.26,-47.3,66.0,4.7
581,Terrak,0,NO,2020-08-18 00:03:37,93,65.09,12.37,50.0,5.82
582,Haines Junction,100,CA,2020-08-18 00:03:37,81,60.75,-137.51,51.62,3.47
583,Tilichiki,7,RU,2020-08-18 00:03:37,43,60.47,166.1,57.34,14.9
584,Lisakovsk,83,KZ,2020-08-18 00:03:38,78,52.54,62.49,52.95,12.77
585,Teseney,100,ER,2020-08-18 00:03:38,81,15.11,36.66,73.62,10.22
